{
    "max_seq_len": 512,

    "encoding_model_name":"ECMtrain_ECMtest",
    
    "pretrain_data": "ECMtrain",
    "pretrain_model_name":"preECMtrain",
    "save_loss_for_pretrain":"../logs/512/preECMtrain",

    "train_data": "ECMtrain",
    "save_train_model_dir": "ECMtrain",
    "save_loss_for_train":"../logs/512/ECMtrain",

    "test_data": "ECMtest",
    "start_test_model_id": 20,
    "end_test_model_id": 20,

    "device": 0,
    "batch_size": 16,
    "accum_steps": 1,
    "train_batch_size": 10,
    "train_accum_steps": 1,
    "pertrain_epochs": 120,
    "pre_batch_size": 10,
    "train_epochs": 20,
    "lr": 1e-3,
    "train_lr": 5e-6,

    "get_bpseq_file": false,
    "whether_pack_train":true,
    "whether_pack_test":true,
    "file_path":"../common_/bprna/TR0-TS0",
    "file_type": "bpseq",
    "repr_dim":20,
    "cut_min_len": 80,
    "cut_max_len": 280,
    "encoding_model_epochs": 50,
    "if_add_CDP_constraint": true,
    "seed": 10,
    "dropout_rate": 0.2,
    "normalize_by_threshold":0.5, 
    "pos_weight":200,
    "constraint_steps":2
}