{
    "max_seq_len": 128,

    "encoding_model_name":"ALLtrain_ALLtest",
    
    "pretrain_data": "ALLtrain",
    "pretrain_model_name":"preALLtrain",
    "save_loss_for_pretrain":"../logs/128/preALLtrain",

    "train_data": "ALLtrain",
    "save_train_model_dir": "ALLtrain",
    "save_loss_for_train":"../logs/128/ALLtrain",

    "test_data": "ALLtest",
    "start_test_model_id": 20,
    "end_test_model_id": 20,

    "device": 10,
    "batch_size": 8,
    "accum_steps": 2,
    "train_batch_size": 10,
    "train_accum_steps": 1,
    "pre_batch_size": 4,

    "pertrain_epochs": 120,
    "train_epochs": 20,
    "lr": 1e-3,
    "train_lr": 1e-5,

    "get_bpseq_file": false,
    "whether_pack_train":false,
    "whether_pack_test":false,
    "file_path":"../common_/bprna/TR0-TS0",
    "file_type": "bpseq",
    "repr_dim":20,
    "cut_min_len": 80,
    "cut_max_len": 280,
    "encoding_model_epochs": 50,
    "if_add_CDP_constraint": true,
    "seed": 10,
    "dropout_rate": 0.2,
    "normalize_by_threshold":0.5, 
    "pos_weight":200,
    "constraint_steps":16
}