package,Dataset,pearson_mean
DSRNAFold,101-FMN,0.293647288
DSRNAFold,107-Theo,0.303495757
DSRNAFold,107-Trp,0.163492208
DSRNAFold,93-FMN,0.176754515
DSRNAFold,95-FMN,0.223539119
DSRNAFold,96-FMN,0.338151274
DSRNAFold,97-FMN,0.209818765
DSRNAFold,98-FMN,0.314704365
DSRNAFold,Ribologic-FMN,0.238420484
DSRNAFold,Ribologic-Theo,0.121526657
DSRNAFold,Ribologic-Trp,0.278600482
contrafold_2,"101, FMN",0.566742667
contrafold_2,"107, Theo",0.494872028
contrafold_2,"107, Trp",0.550811089
contrafold_2,"93, FMN",0.139558209
contrafold_2,"95, FMN",0.4993579
contrafold_2,"96, FMN",0.53809866
contrafold_2,"97, FMN",0.59813497
contrafold_2,"98, FMN",0.247653122
contrafold_2,"Ribologic, FMN",0.499178689
contrafold_2,"Ribologic, Theo",0.489024184
contrafold_2,"Ribologic, Trp",0.44859234
contrafold_2_nc,"101, FMN",0.568640503
contrafold_2_nc,"107, Theo",0.51332086
contrafold_2_nc,"107, Trp",0.593042115
contrafold_2_nc,"93, FMN",0.147708264
contrafold_2_nc,"95, FMN",0.472116475
contrafold_2_nc,"96, FMN",0.455282737
contrafold_2_nc,"97, FMN",0.523385382
contrafold_2_nc,"98, FMN",0.256602109
contrafold_2_nc,"Ribologic, FMN",0.330024713
contrafold_2_nc,"Ribologic, Theo",0.410107374
contrafold_2_nc,"Ribologic, Trp",0.505006232
contrafold_1,"101, FMN",0.5591521
contrafold_1,"107, Theo",0.49610422
contrafold_1,"107, Trp",0.602593621
contrafold_1,"93, FMN",0.144492364
contrafold_1,"95, FMN",0.418409612
contrafold_1,"96, FMN",0.471496539
contrafold_1,"97, FMN",0.555263288
contrafold_1,"98, FMN",0.265750469
contrafold_1,"Ribologic, FMN",0.225252632
contrafold_1,"Ribologic, Theo",0.329264733
contrafold_1,"Ribologic, Trp",0.488299634
rnastructure_60C,"101, FMN",0.507431484
rnastructure_60C,"107, Theo",0.438701709
rnastructure_60C,"107, Trp",0.519951687
rnastructure_60C,"93, FMN",0.096894816
rnastructure_60C,"95, FMN",0.414174584
rnastructure_60C,"96, FMN",0.424434993
rnastructure_60C,"97, FMN",0.466712161
rnastructure_60C,"98, FMN",0.202345217
rnastructure_60C,"Ribologic, FMN",0.471370217
rnastructure_60C,"Ribologic, Theo",0.512939337
rnastructure_60C,"Ribologic, Trp",0.562418595
vienna_2_60C,"101, FMN",0.515269564
vienna_2_60C,"107, Theo",0.39542882
vienna_2_60C,"107, Trp",0.555784789
vienna_2_60C,"93, FMN",0.05875918
vienna_2_60C,"95, FMN",0.381394039
vienna_2_60C,"96, FMN",0.427095038
vienna_2_60C,"97, FMN",0.428781135
vienna_2_60C,"98, FMN",0.219090931
vienna_2_60C,"Ribologic, FMN",0.491675267
vienna_2_60C,"Ribologic, Theo",0.370754466
vienna_2_60C,"Ribologic, Trp",0.474701956
vienna_rnasoft_pars,"101, FMN",0.512137238
vienna_rnasoft_pars,"107, Theo",0.342658716
vienna_rnasoft_pars,"107, Trp",0.432768819
vienna_rnasoft_pars,"93, FMN",0.113175275
vienna_rnasoft_pars,"95, FMN",0.405577977
vienna_rnasoft_pars,"96, FMN",0.407412346
vienna_rnasoft_pars,"97, FMN",0.509965947
vienna_rnasoft_pars,"98, FMN",0.212010294
vienna_rnasoft_pars,"Ribologic, FMN",0.406444436
vienna_rnasoft_pars,"Ribologic, Theo",0.533109187
vienna_rnasoft_pars,"Ribologic, Trp",0.395301913
vienna_1,"101, FMN",0.499570593
vienna_1,"107, Theo",0.386532616
vienna_1,"107, Trp",0.442991539
vienna_1,"93, FMN",0.094850467
vienna_1,"95, FMN",0.360825031
vienna_1,"96, FMN",0.42622209
vienna_1,"97, FMN",0.437475612
vienna_1,"98, FMN",0.171729184
vienna_1,"Ribologic, FMN",0.381035758
vienna_1,"Ribologic, Theo",0.472487733
vienna_1,"Ribologic, Trp",0.523740166
rnastructure,"101, FMN",0.481191127
rnastructure,"107, Theo",0.400285672
rnastructure,"107, Trp",0.375511706
rnastructure,"93, FMN",0.071049305
rnastructure,"95, FMN",0.34993815
rnastructure,"96, FMN",0.385681884
rnastructure,"97, FMN",0.455578756
rnastructure,"98, FMN",0.207034756
rnastructure,"Ribologic, FMN",0.366187643
rnastructure,"Ribologic, Theo",0.52287674
rnastructure,"Ribologic, Trp",0.547766395
vienna_2,"101, FMN",0.504007754
vienna_2,"107, Theo",0.376248991
vienna_2,"107, Trp",0.447167055
vienna_2,"93, FMN",0.044461043
vienna_2,"95, FMN",0.378370154
vienna_2,"96, FMN",0.394796423
vienna_2,"97, FMN",0.437399462
vienna_2,"98, FMN",0.233031477
vienna_2,"Ribologic, FMN",0.376206926
vienna_2,"Ribologic, Theo",0.419797711
vienna_2,"Ribologic, Trp",0.455435332
rnastructure_nocoax,"101, FMN",0.48037623
rnastructure_nocoax,"107, Theo",0.424785077
rnastructure_nocoax,"107, Trp",0.426861005
rnastructure_nocoax,"93, FMN",0.029925777
rnastructure_nocoax,"95, FMN",0.324994286
rnastructure_nocoax,"96, FMN",0.39473726
rnastructure_nocoax,"97, FMN",0.440327347
rnastructure_nocoax,"98, FMN",0.242291173
rnastructure_nocoax,"Ribologic, FMN",0.386746073
rnastructure_nocoax,"Ribologic, Theo",0.47346508
rnastructure_nocoax,"Ribologic, Trp",0.496633952
vienna_langdon_pars,"101, FMN",0.457362423
vienna_langdon_pars,"107, Theo",0.320892296
vienna_langdon_pars,"107, Trp",0.442101493
vienna_langdon_pars,"93, FMN",0.067793415
vienna_langdon_pars,"95, FMN",0.382378206
vienna_langdon_pars,"96, FMN",0.3959385
vienna_langdon_pars,"97, FMN",0.438097241
vienna_langdon_pars,"98, FMN",0.197722612
vienna_langdon_pars,"Ribologic, FMN",0.392435366
vienna_langdon_pars,"Ribologic, Theo",0.552034945
vienna_langdon_pars,"Ribologic, Trp",0.425153925
vienna_2_nodangles,"101, FMN",0.353666612
vienna_2_nodangles,"107, Theo",0.131953118
vienna_2_nodangles,"107, Trp",0.225956445
vienna_2_nodangles,"93, FMN",-0.045437906
vienna_2_nodangles,"95, FMN",0.206365344
vienna_2_nodangles,"96, FMN",0.206495366
vienna_2_nodangles,"97, FMN",0.265450373
vienna_2_nodangles,"98, FMN",0.183834089
vienna_2_nodangles,"Ribologic, FMN",0.180061489
vienna_2_nodangles,"Ribologic, Theo",0.007105945
vienna_2_nodangles,"Ribologic, Trp",0.126462706
