{
    "max_seq_len": 128,

    "encoding_model_name":"TRpdn_TSpdn",

    "pretrain_data": "TRpdn",
    "pretrain_model_name":"preTRpdn",
    "save_loss_for_pretrain":"../logs/128/preTRpdn",

    "train_data": "TRpdn",
    "save_train_model_dir": "TRpdn",
    "save_loss_for_train":"../logs/128/TRpdn",

    "test_data": "TSpdn",
    "start_test_model_id": 50,
    "end_test_model_id": 50,

    "device": 0,
    "batch_size": 4,
    "accum_steps": 1,
    "train_batch_size": 16,
    "train_accum_steps": 1,
    "pre_batch_size": 16,

    "pertrain_epochs": 200,
    "train_epochs": 100,
    "lr": 1e-4,
    "train_lr": 1e-7,

    "get_bpseq_file": false,
    "whether_pack_train":true,
    "whether_pack_test":true,
    "file_path":"../common_/bprna/TR0-TS0",
    "file_type": "bpseq",
    "repr_dim":20, 
    "cut_min_len": 20,
    "cut_max_len": 70,
    "encoding_batchsize": 16,
    "encoding_model_epochs": 50,
    "if_add_CDP_constraint": true,
    "seed": 10,
    "dropout_rate": 0.2,
    "normalize_by_threshold":0.5, 
    "pos_weight":200,
    "constraint_steps":32
}