{
    "max_seq_len": 128,    

    "encoding_model_name":"TR0_TS0",
    
    "pretrain_data": "TR0",
    "pretrain_model_name":"preTR0",
    "save_loss_for_pretrain":"../logs/128/preTR0",

    "train_data": "TR0",
    "save_train_model_dir": "TR0",
    "save_loss_for_train":"../logs/128/TR0",

    "test_data": "TS0",
    "start_test_model_id": 20,
    "end_test_model_id": 20,

    "device": 3,
    "batch_size": 1,
    "accum_steps": 2,
    "train_batch_size": 10,
    "train_accum_steps": 1,
    "pre_batch_size": 10,

    "pertrain_epochs": 120,
    "train_epochs": 30,
    "lr": 1e-3,
    "train_lr": 1e-5,

    "get_bpseq_file": false,
    "whether_pack_train":true,
    "whether_pack_test":true,
    "file_path":"../common_/bprna/TR0-TS0",
    "file_type": "bpseq",
    "repr_dim":20,
    "cut_min_len": 20,
    "cut_max_len": 70,
    "encoding_model_epochs": 30,
    "if_add_CDP_constraint": true,
    "seed": 10,
    "dropout_rate": 0.2,
    "normalize_by_threshold":0.5, 
    "pos_weight":200,
    "constraint_steps":16
}