{
    "max_seq_len": 128,

    "encoding_model_name":"Rfam15train_Rfam15test",

    "pretrain_data": "Rfam15train",
    "pretrain_model_name":"preRfam15train",
    "save_loss_for_pretrain":"../logs/128/preRfam15train",

    "train_data": "Rfam15train",
    "save_train_model_dir": "Rfam15train",
    "save_loss_for_train":"../logs/128/Rfam15train",

    "test_data": "Rfam15test",
    "start_test_model_id": 30,
    "end_test_model_id": 30,

    "device": 1,
    "batch_size": 8,
    "accum_steps": 1,
    "train_batch_size": 32,
    "train_accum_steps": 1,
    "pre_batch_size": 16,

    "pertrain_epochs": 120,
    "train_epochs": 100,
    "lr": 1e-2,
    "train_lr": 1e-5,

    "get_bpseq_file": false,
    "whether_pack_train":true,
    "whether_pack_test":true,
    "file_path":"../common_/bprna/TR0-TS0",
    "file_type": "bpseq",
    "repr_dim":20, 
    "cut_min_len": 20,
    "cut_max_len": 70,
    "encoding_model_epochs": 15,
    "if_add_CDP_constraint": true,
    "seed": 10,
    "dropout_rate": 0.4,
    "normalize_by_threshold":0.5, 
    "pos_weight":200,
    "constraint_steps":16
}